<?xml version="1.0" encoding="UTF-8" standalone="yes"?>
<Content>
        
    <Views>
                
        <ViewDef id="2e7c37ec-91ad-44b8-9c79-00d48c5f2feb">
                        
            <Title>vSAN Cluster Disk Capacity View</Title>
                        
            <Description/>
                        
            <SubjectType adapterKind="VirtualAndPhysicalSANAdapter" resourceKind="VirtualSANDCCluster" type="descendant"/>
                        
            <SubjectType adapterKind="VirtualAndPhysicalSANAdapter" resourceKind="VirtualSANDCCluster" type="self"/>
                        
            <Usage>dashboard</Usage>
                        
            <Usage>report</Usage>
                        
            <Usage>details</Usage>
                        
            <Usage>content</Usage>
                        
            <Controls>
                                
                <Control id="time-interval-selector_id_59" type="time-interval-selector" visible="false">
                                        
                    <Property name="advancedTimeMode" value="false"/>
                                        
                    <Property name="unit" value="DAYS"/>
                                        
                    <Property name="count" value="7"/>
                                    
                </Control>
                                
                <Control id="attributes-selector_id_60" type="attributes-selector" visible="false">
                                        
                    <Property name="attributeInfos">
                                                
                        <List>
                                                        
                            <Item>
                                
                                <Value>
                                        
                                    <Property name="objectType" value="RESOURCE"/>
                                        
                                    <Property name="attributeKey" value="vsan|diskSpace|totalDiskSpace"/>
                                        
                                    <Property name="preferredUnitId" value="tb"/>
                                        
                                    <Property name="isStringAttribute" value="false"/>
                                        
                                    <Property name="adapterKind" value="VirtualAndPhysicalSANAdapter"/>
                                        
                                    <Property name="resourceKind" value="VirtualSANDCCluster"/>
                                        
                                    <Property name="rollUpType" value="NONE"/>
                                        
                                    <Property name="rollUpCount" value="0"/>
                                        
                                    <Property name="transformations">
                                                
                                        <List>
                                                        
                                            <Item value="CURRENT"/>
                                                    
                                        </List>
                                            
                                    </Property>
                                        
                                    <Property name="sortCriteria" value="false"/>
                                        
                                    <Property name="isProperty" value="false"/>
                                        
                                    <Property name="displayName" value="Total Capacity"/>
                                        
                                    <Property name="addTimestampAsColumn" value="false"/>
                                        
                                    <Property name="isShowRelativeTimestamp" value="false"/>
                                    
                                </Value>
                                                            
                            </Item>
                                                        
                            <Item>
                                
                                <Value>
                                        
                                    <Property name="objectType" value="RESOURCE"/>
                                        
                                    <Property name="attributeKey" value="vsan|diskSpace|usedDiskSpace"/>
                                        
                                    <Property name="preferredUnitId" value="tb"/>
                                        
                                    <Property name="isStringAttribute" value="false"/>
                                        
                                    <Property name="adapterKind" value="VirtualAndPhysicalSANAdapter"/>
                                        
                                    <Property name="resourceKind" value="VirtualSANDCCluster"/>
                                        
                                    <Property name="rollUpType" value="NONE"/>
                                        
                                    <Property name="rollUpCount" value="0"/>
                                        
                                    <Property name="transformations">
                                                
                                        <List>
                                                        
                                            <Item value="CURRENT"/>
                                                    
                                        </List>
                                            
                                    </Property>
                                        
                                    <Property name="sortCriteria" value="false"/>
                                        
                                    <Property name="isProperty" value="false"/>
                                        
                                    <Property name="displayName" value="Used Capacity"/>
                                        
                                    <Property name="addTimestampAsColumn" value="false"/>
                                        
                                    <Property name="isShowRelativeTimestamp" value="false"/>
                                    
                                </Value>
                                                            
                            </Item>
                                                        
                            <Item>
                                
                                <Value>
                                        
                                    <Property name="objectType" value="RESOURCE"/>
                                        
                                    <Property name="attributeKey" value="OnlineCapacityAnalytics|diskspace|capacityRemaining"/>
                                        
                                    <Property name="preferredUnitId" value="tb"/>
                                        
                                    <Property name="isStringAttribute" value="false"/>
                                        
                                    <Property name="adapterKind" value="VirtualAndPhysicalSANAdapter"/>
                                        
                                    <Property name="resourceKind" value="VirtualSANDCCluster"/>
                                        
                                    <Property name="rollUpType" value="NONE"/>
                                        
                                    <Property name="rollUpCount" value="0"/>
                                        
                                    <Property name="transformations">
                                                
                                        <List>
                                                        
                                            <Item value="CURRENT"/>
                                                    
                                        </List>
                                            
                                    </Property>
                                        
                                    <Property name="sortCriteria" value="false"/>
                                        
                                    <Property name="isProperty" value="false"/>
                                        
                                    <Property name="displayName" value="Free Capacity"/>
                                        
                                    <Property name="addTimestampAsColumn" value="false"/>
                                        
                                    <Property name="isShowRelativeTimestamp" value="false"/>
                                    
                                </Value>
                                                            
                            </Item>
                                                    
                        </List>
                                            
                    </Property>
                                    
                </Control>
                                
                <Control id="pagination-control_id_61" type="pagination-control" visible="true">
                                        
                    <Property name="start" value="0"/>
                                        
                    <Property name="size" value="500"/>
                                    
                </Control>
                                
                <Control id="metadata_id_62" type="metadata" visible="false">
                                        
                    <Property name="maxPointsCount" value="5000"/>
                                        
                    <Property name="hideObjectNameColumn" value="false"/>
                                        
                    <Property name="listTopResultSize" value="-1"/>
                                    
                </Control>
                            
            </Controls>
                        
            <DataProviders>
                                
                <DataProvider dataType="list-view" id="list-view_id_58"/>
                            
            </DataProviders>
                        
            <Presentation type="list"/>
                    
        </ViewDef>
            
    </Views>
        
    <Reports>
                
        <ReportDef id="dab3a9c6-e0d9-4261-8e28-1b1dc5397b7c">
                        
            <isTenant>false</isTenant>
                        
            <Title>vSAN Cluster Disk Capacity</Title>
                        
            <Description/>
                        
            <SubjectType adapterKind="VirtualAndPhysicalSANAdapter" resourceKind="VirtualSANDCCluster" type="descendant"/>
                        
            <SubjectType adapterKind="VirtualAndPhysicalSANAdapter" resourceKind="VirtualSANDCCluster" type="self"/>
                        
            <Sections>
                                
                <Section>
                                        
                    <ContentType>CoverPage</ContentType>
                                        
                    <ContentKey>COVER_PAGE</ContentKey>
                                    
                </Section>
                                
                <Section>
                                        
                    <ContentType>TableOfContents</ContentType>
                                        
                    <ContentKey>TABLE_OF_CONTENTS</ContentKey>
                                    
                </Section>
                                
                <Section>
                                        
                    <ContentType>View</ContentType>
                                        
                    <ContentKey>2e7c37ec-91ad-44b8-9c79-00d48c5f2feb</ContentKey>
                                        
                    <ContentOrientation>Landscape</ContentOrientation>
                                        
                    <ContentFormatting>
                                                
                        <ColorizeListView>true</ColorizeListView>
                                            
                    </ContentFormatting>
                                    
                </Section>
                            
            </Sections>
                        
            <Settings>
                                
                <ShowPageFooter>true</ShowPageFooter>
                                
                <OutputFormat>pdf</OutputFormat>
                                
                <OutputFormat>csv</OutputFormat>
                            
            </Settings>
                    
        </ReportDef>
            
    </Reports>
    
</Content>
