<?xml version="1.0" encoding="UTF-8" standalone="yes"?>
<Content>
        
    <Views>
                
        <ViewDef id="c192d4d6-50b9-49cf-a9d5-fe53c9f5134a">
                        
            <Title>ESXi Host Active Alerts</Title>
                        
            <Description/>
                        
            <SubjectType adapterKind="System" filter="[[{&quot;filterType&quot;:&quot;metrics&quot;,&quot;metricKey&quot;:&quot;status&quot;,&quot;condition&quot;:&quot;EQUALS&quot;,&quot;metricValue&quot;:{&quot;values&quot;:[&quot;ALERT_STATUS_ACTIVE&quot;]}},{&quot;filterType&quot;:&quot;metrics&quot;,&quot;metricKey&quot;:&quot;objectType&quot;,&quot;condition&quot;:&quot;EQUALS&quot;,&quot;originalIdValue&quot;:&quot;002006VMWAREHostSystem&quot;,&quot;metricValue&quot;:{&quot;values&quot;:[&quot;Host System&quot;]}}]]" resourceKind="alert" type="descendant"/>
                        
            <SubjectType adapterKind="System" filter="[[{&quot;filterType&quot;:&quot;metrics&quot;,&quot;metricKey&quot;:&quot;status&quot;,&quot;condition&quot;:&quot;EQUALS&quot;,&quot;metricValue&quot;:{&quot;values&quot;:[&quot;ALERT_STATUS_ACTIVE&quot;]}},{&quot;filterType&quot;:&quot;metrics&quot;,&quot;metricKey&quot;:&quot;objectType&quot;,&quot;condition&quot;:&quot;EQUALS&quot;,&quot;originalIdValue&quot;:&quot;002006VMWAREHostSystem&quot;,&quot;metricValue&quot;:{&quot;values&quot;:[&quot;Host System&quot;]}}]]" resourceKind="alert" type="self"/>
                        
            <Usage>dashboard</Usage>
                        
            <Usage>report</Usage>
                        
            <Usage>details</Usage>
                        
            <Usage>content</Usage>
                        
            <Controls>
                                
                <Control id="time-interval-selector_id_488" type="time-interval-selector" visible="false">
                                        
                    <Property name="advancedTimeMode" value="false"/>
                                        
                    <Property name="unit" value="DAYS"/>
                                        
                    <Property name="count" value="1"/>
                                    
                </Control>
                                
                <Control id="attributes-selector_id_489" type="attributes-selector" visible="false">
                                        
                    <Property name="attributeInfos">
                                                
                        <List>
                                                        
                            <Item>
                                
                                <Value>
                                        
                                    <Property name="objectType" value="RESOURCE"/>
                                        
                                    <Property name="attributeKey" value="resourceName"/>
                                        
                                    <Property name="isStringAttribute" value="true"/>
                                        
                                    <Property name="adapterKind" value="System"/>
                                        
                                    <Property name="resourceKind" value="alert"/>
                                        
                                    <Property name="rollUpCount" value="0"/>
                                        
                                    <Property name="transformations">
                                                
                                        <List>
                                                        
                                            <Item value="CURRENT"/>
                                                    
                                        </List>
                                            
                                    </Property>
                                        
                                    <Property name="isProperty" value="false"/>
                                        
                                    <Property name="displayName" value="Triggered On"/>
                                        
                                    <Property name="addTimestampAsColumn" value="false"/>
                                        
                                    <Property name="isShowRelativeTimestamp" value="false"/>
                                    
                                </Value>
                                                            
                            </Item>
                                                        
                            <Item>
                                
                                <Value>
                                        
                                    <Property name="objectType" value="RESOURCE"/>
                                        
                                    <Property name="attributeKey" value="objectType"/>
                                        
                                    <Property name="isStringAttribute" value="true"/>
                                        
                                    <Property name="adapterKind" value="System"/>
                                        
                                    <Property name="resourceKind" value="alert"/>
                                        
                                    <Property name="rollUpCount" value="0"/>
                                        
                                    <Property name="transformations">
                                                
                                        <List>
                                                        
                                            <Item value="CURRENT"/>
                                                    
                                        </List>
                                            
                                    </Property>
                                        
                                    <Property name="isProperty" value="false"/>
                                        
                                    <Property name="addTimestampAsColumn" value="false"/>
                                        
                                    <Property name="isShowRelativeTimestamp" value="false"/>
                                    
                                </Value>
                                                            
                            </Item>
                                                        
                            <Item>
                                
                                <Value>
                                        
                                    <Property name="objectType" value="RESOURCE"/>
                                        
                                    <Property name="attributeKey" value="creationDate"/>
                                        
                                    <Property name="isStringAttribute" value="true"/>
                                        
                                    <Property name="adapterKind" value="System"/>
                                        
                                    <Property name="resourceKind" value="alert"/>
                                        
                                    <Property name="rollUpCount" value="0"/>
                                        
                                    <Property name="transformations">
                                                
                                        <List>
                                                        
                                            <Item value="CURRENT"/>
                                                    
                                        </List>
                                            
                                    </Property>
                                        
                                    <Property name="sortCriteria" value="true"/>
                                        
                                    <Property name="isProperty" value="false"/>
                                        
                                    <Property name="addTimestampAsColumn" value="false"/>
                                        
                                    <Property name="isShowRelativeTimestamp" value="false"/>
                                    
                                </Value>
                                                            
                            </Item>
                                                        
                            <Item>
                                
                                <Value>
                                        
                                    <Property name="objectType" value="RESOURCE"/>
                                        
                                    <Property name="attributeKey" value="status"/>
                                        
                                    <Property name="isStringAttribute" value="true"/>
                                        
                                    <Property name="adapterKind" value="System"/>
                                        
                                    <Property name="resourceKind" value="alert"/>
                                        
                                    <Property name="rollUpCount" value="0"/>
                                        
                                    <Property name="transformations">
                                                
                                        <List>
                                                        
                                            <Item value="CURRENT"/>
                                                    
                                        </List>
                                            
                                    </Property>
                                        
                                    <Property name="isProperty" value="false"/>
                                        
                                    <Property name="displayName" value="Status"/>
                                        
                                    <Property name="addTimestampAsColumn" value="false"/>
                                        
                                    <Property name="isShowRelativeTimestamp" value="false"/>
                                    
                                </Value>
                                                            
                            </Item>
                                                        
                            <Item>
                                
                                <Value>
                                        
                                    <Property name="objectType" value="RESOURCE"/>
                                        
                                    <Property name="attributeKey" value="criticalityLevel"/>
                                        
                                    <Property name="isStringAttribute" value="true"/>
                                        
                                    <Property name="adapterKind" value="System"/>
                                        
                                    <Property name="resourceKind" value="alert"/>
                                        
                                    <Property name="rollUpCount" value="0"/>
                                        
                                    <Property name="transformations">
                                                
                                        <List>
                                                        
                                            <Item value="CURRENT"/>
                                                    
                                        </List>
                                            
                                    </Property>
                                        
                                    <Property name="isProperty" value="false"/>
                                        
                                    <Property name="displayName" value="Criticality"/>
                                        
                                    <Property name="addTimestampAsColumn" value="false"/>
                                        
                                    <Property name="isShowRelativeTimestamp" value="false"/>
                                    
                                </Value>
                                                            
                            </Item>
                                                    
                        </List>
                                            
                    </Property>
                                    
                </Control>
                                
                <Control id="pagination-control_id_490" type="pagination-control" visible="true">
                                        
                    <Property name="start" value="0"/>
                                        
                    <Property name="size" value="500"/>
                                    
                </Control>
                                
                <Control id="metadata_id_491" type="metadata" visible="false">
                                        
                    <Property name="maxPointsCount" value="5000"/>
                                        
                    <Property name="hideObjectNameColumn" value="false"/>
                                        
                    <Property name="listTopResultSize" value="-1"/>
                                    
                </Control>
                            
            </Controls>
                        
            <DataProviders>
                                
                <DataProvider dataType="list-view" id="list-view_id_487"/>
                            
            </DataProviders>
                        
            <Presentation type="list"/>
                    
        </ViewDef>
            
    </Views>
        
    <Reports>
                
        <ReportDef id="02fb7e8e-e14e-4cdb-853f-367ce097bc47">
                        
            <isTenant>false</isTenant>
                        
            <Title>ESXi Host Active Alerts</Title>
                        
            <Description/>
                        
            <SubjectType adapterKind="System" filter="[[{&quot;filterType&quot;:&quot;metrics&quot;,&quot;metricKey&quot;:&quot;status&quot;,&quot;condition&quot;:&quot;EQUALS&quot;,&quot;metricValue&quot;:{&quot;values&quot;:[&quot;ALERT_STATUS_ACTIVE&quot;]}},{&quot;filterType&quot;:&quot;metrics&quot;,&quot;metricKey&quot;:&quot;objectType&quot;,&quot;condition&quot;:&quot;EQUALS&quot;,&quot;originalIdValue&quot;:&quot;002006VMWAREHostSystem&quot;,&quot;metricValue&quot;:{&quot;values&quot;:[&quot;Host System&quot;]}}]]" resourceKind="alert" type="descendant"/>
                        
            <SubjectType adapterKind="System" filter="[[{&quot;filterType&quot;:&quot;metrics&quot;,&quot;metricKey&quot;:&quot;status&quot;,&quot;condition&quot;:&quot;EQUALS&quot;,&quot;metricValue&quot;:{&quot;values&quot;:[&quot;ALERT_STATUS_ACTIVE&quot;]}},{&quot;filterType&quot;:&quot;metrics&quot;,&quot;metricKey&quot;:&quot;objectType&quot;,&quot;condition&quot;:&quot;EQUALS&quot;,&quot;originalIdValue&quot;:&quot;002006VMWAREHostSystem&quot;,&quot;metricValue&quot;:{&quot;values&quot;:[&quot;Host System&quot;]}}]]" resourceKind="alert" type="self"/>
                        
            <Sections>
                                
                <Section>
                                        
                    <ContentType>CoverPage</ContentType>
                                        
                    <ContentKey>COVER_PAGE</ContentKey>
                                    
                </Section>
                                
                <Section>
                                        
                    <ContentType>TableOfContents</ContentType>
                                        
                    <ContentKey>TABLE_OF_CONTENTS</ContentKey>
                                    
                </Section>
                                
                <Section>
                                        
                    <ContentType>View</ContentType>
                                        
                    <ContentKey>c192d4d6-50b9-49cf-a9d5-fe53c9f5134a</ContentKey>
                                        
                    <ContentOrientation>Landscape</ContentOrientation>
                                        
                    <ContentFormatting>
                                                
                        <ColorizeListView>false</ColorizeListView>
                                            
                    </ContentFormatting>
                                    
                </Section>
                            
            </Sections>
                        
            <Settings>
                                
                <ShowPageFooter>true</ShowPageFooter>
                                
                <OutputFormat>csv</OutputFormat>
                                
                <OutputFormat>pdf</OutputFormat>
                            
            </Settings>
                    
        </ReportDef>
            
    </Reports>
    
</Content>
